docente,comentario,curso
Dra. Beatriz Ramírez,"Explica la materia con una claridad impresionante y resuelve todas las dudas con mucha paciencia.",Estructuras de Datos
Dra. Beatriz Ramírez,"Su metodología con talleres prácticos en vivo facilita muchísimo aprender los algoritmos complejos.",Estructuras de Datos
Dra. Beatriz Ramírez,"Tiene un dominio del tema extraordinario y se nota su experiencia profesional en la industria.",Estructuras de Datos
Dra. Beatriz Ramírez,"Llega siempre super puntual a las 7:00 AM y aprovecha la clase al máximo.",Estructuras de Datos
Dra. Beatriz Ramírez,"El material de apoyo subido a la plataforma virtual está impecablemente organizado.",Estructuras de Datos
Dra. Beatriz Ramírez,"Criterios de evaluación muy transparentes y entrega la retroalimentación de los parciales a tiempo.",Estructuras de Datos
Dra. Beatriz Ramírez,"El trato con los estudiantes es super amable y siempre promueve la participación respetuosa.",Estructuras de Datos
Dra. Beatriz Ramírez,"Atiende dudas en sus horas de asesoría en oficina de manera paciente y dedicada.",Estructuras de Datos
Dra. Beatriz Ramírez,"Sigue el syllabus al pie de la letra y jamás improvisa una clase.",Estructuras de Datos
Dra. Beatriz Ramírez,"Una excelente docente, definitivamente de las mejores profesoras de la facultad.",Estructuras de Datos
Dra. Beatriz Ramírez,"Brinda ejemplos reales aplicados al sector empresarial que motivan a estudiar más.",Estructuras de Datos
Dra. Beatriz Ramírez,"Responde los correos electrónicos de consulta de forma rápida y detallada.",Estructuras de Datos
Carlos Mendoza,"El profesor es muy amable en el trato individual.",Programación I
Carlos Mendoza,"Explica bien los conceptos básicos de Python.",Programación I
Carlos Mendoza,"Llega a tiempo a las sesiones.",Programación I
Ing. Fernando Gómez,"Llega 25 minutos tarde a casi todas las clases y se va antes de tiempo.",Bases de Datos
Ing. Fernando Gómez,"Cambia las fechas de los exámenes parciales sin aviso previo y de forma desorganizada.",Bases de Datos
Ing. Fernando Gómez,"No avisa si va a faltar a clase y deja a los estudiantes esperando en el salón.",Bases de Datos
Ing. Fernando Gómez,"Nunca responde los correos electrónicos de dudas ni se conecta a Teams.",Bases de Datos
Ing. Fernando Gómez,"Sabe del tema pero su falta de puntualidad y organización echan a perder la materia.",Bases de Datos
Ing. Fernando Gómez,"Falta orden en el envío de las guías de laboratorio.",Bases de Datos
Prof. Alejandro Silva,"Sí, claro, llega super puntual... como media hora después.",Sistemas Operativos
Prof. Alejandro Silva,"Impecable 'profesionalismo'... pasaron dos meses y no conocemos la nota del primer corte.",Sistemas Operativos
Prof. Alejandro Silva,"Qué 'gran' disposición para atender dudas... te ignora completamente en el pasillo.",Sistemas Operativos
Prof. Alejandro Silva,"Explica muy bien los algoritmos de planificación de CPU pero llega tarde siempre.",Sistemas Operativos
Dra. Diana Torres,"Explica los conceptos de física con excelente claridad, pero sus exámenes son extremadamente difíciles e injustos.",Física II
Dra. Diana Torres,"Tiene un dominio impecable de la materia, pero su trato hacia los estudiantes es muy frío y distante.",Física II
Dra. Diana Torres,"Las guías de laboratorio están bien organizadas, aunque el tiempo para entregarlas es muy reducido.",Física II
INVALID_USER_TEST_1,"",Materia Inválida
,"Docente sin nombre registrado en la fila.",Materia Inválida
Docente Con Texto Corto,"ok",Materia Inválida
